"models","time_taken"
"GLM",1.02206802368164
"SVM",1.43659615516663
"RandomForest",7.30047392845154
"NeuralNetwork",125.134511947632
